benchmark,query_id,query_topic,query_language,candidate_count,relevant_count,candidate_positive_rate,top1_topic_acc,map_at_10,ndcg_at_10,mrr_at_10,recall_at_10,score_time_s
topic_prompt,topic_prompt:nl:content_organisation,content_organisation,nl,280,40,0.14285714285714285,0.0,0.05833333333333333,0.17947710508581738,0.3333333333333333,0.05,9.111963987350464
topic_prompt,topic_prompt:en:content_organisation,content_organisation,en,280,40,0.14285714285714285,1.0,0.21000000000000002,0.400023248309252,1.0,0.075,8.071460723876953
topic_prompt,topic_prompt:nl:professional_practice,professional_practice,nl,280,40,0.14285714285714285,0.0,0.19714285714285715,0.37576775259321094,0.5,0.1,9.660891056060791
topic_prompt,topic_prompt:en:professional_practice,professional_practice,en,280,40,0.14285714285714285,1.0,0.5155555555555555,0.6936634693435664,1.0,0.15,8.143945932388306
topic_prompt,topic_prompt:nl:teachers,teachers,nl,280,40,0.14285714285714285,0.0,0.19285714285714287,0.3764459522792427,0.5,0.1,9.181459188461304
topic_prompt,topic_prompt:en:teachers,teachers,en,280,40,0.14285714285714285,0.0,0.13551587301587303,0.30383773186007723,0.25,0.1,8.15955924987793
topic_prompt,topic_prompt:nl:support_mentoring,support_mentoring,nl,280,40,0.14285714285714285,0.0,0.016666666666666666,0.07839826897867534,0.16666666666666666,0.025,9.109023094177246
topic_prompt,topic_prompt:en:support_mentoring,support_mentoring,en,280,40,0.14285714285714285,0.0,0.0125,0.06943122193677728,0.125,0.025,8.218606948852539
topic_prompt,topic_prompt:nl:examination_assessment,examination_assessment,nl,280,40,0.14285714285714285,0.0,0.5984920634920634,0.7104770117651427,0.5,0.2,9.210649251937866
topic_prompt,topic_prompt:en:examination_assessment,examination_assessment,en,280,40,0.14285714285714285,1.0,0.5630952380952381,0.7421246259355073,1.0,0.175,8.423235177993774
topic_prompt,topic_prompt:nl:engagement_contact,engagement_contact,nl,280,40,0.14285714285714285,1.0,0.3571428571428571,0.542364015420035,1.0,0.1,8.735454797744751
topic_prompt,topic_prompt:en:engagement_contact,engagement_contact,en,280,40,0.14285714285714285,1.0,0.2,0.35895421017163476,1.0,0.05,7.813410997390747
topic_prompt,topic_prompt:nl:special_circumstances,special_circumstances,nl,280,40,0.14285714285714285,1.0,0.5580952380952382,0.73855677575495,1.0,0.175,8.820971012115479
topic_prompt,topic_prompt:en:special_circumstances,special_circumstances,en,280,40,0.14285714285714285,1.0,0.8521031746031748,0.9216017310213247,1.0,0.225,7.843322992324829
answer_to_answer,answer:780,content_organisation,en,35,5,0.14285714285714285,0.0,0.06666666666666667,0.16958010263680806,0.3333333333333333,0.2,1.05765700340271
answer_to_answer,answer:881,content_organisation,nl,35,5,0.14285714285714285,1.0,0.55,0.6992148198508501,1.0,0.6,1.223613977432251
answer_to_answer,answer:495,content_organisation,nl,35,5,0.14285714285714285,0.0,0.05,0.14606834984270645,0.25,0.2,1.1203572750091553
answer_to_answer,answer:568,content_organisation,nl,35,5,0.14285714285714285,1.0,0.45999999999999996,0.6511857558395008,1.0,0.6,1.1363749504089355
answer_to_answer,answer:945,content_organisation,nl,35,5,0.14285714285714285,1.0,0.3,0.48522855511632257,1.0,0.4,1.2392377853393555
answer_to_answer,answer:487,content_organisation,en,35,5,0.14285714285714285,0.0,0.14444444444444443,0.31608365985743925,0.5,0.4,1.0505900382995605
answer_to_answer,answer:861,content_organisation,en,35,5,0.14285714285714285,0.0,0.2857142857142857,0.4731080163351061,0.5,0.6,1.0620579719543457
answer_to_answer,answer:529,content_organisation,en,35,5,0.14285714285714285,0.0,0.2633333333333333,0.4767099159583405,0.3333333333333333,0.8,1.0523841381072998
answer_to_answer,answer:723,content_organisation,nl,35,5,0.14285714285714285,1.0,0.6642857142857143,0.8122682216087223,1.0,0.8,1.14687180519104
answer_to_answer,answer:415,content_organisation,en,35,5,0.14285714285714285,0.0,0.11111111111111112,0.2716774977597197,0.3333333333333333,0.4,1.0252799987792969
answer_to_answer,answer:234,content_organisation,en,35,5,0.14285714285714285,0.0,0.16547619047619047,0.34085783682463,0.16666666666666666,0.6,1.099863052368164
answer_to_answer,answer:179,content_organisation,en,35,5,0.14285714285714285,1.0,0.24444444444444446,0.4412576003965278,1.0,0.4,1.0313808917999268
answer_to_answer,answer:247,content_organisation,en,35,5,0.14285714285714285,0.0,0.02222222222222222,0.10209739512291163,0.1111111111111111,0.2,1.10520601272583
answer_to_answer,answer:965,content_organisation,nl,35,5,0.14285714285714285,0.0,0.22999999999999998,0.3980847300545424,0.25,0.6,1.0907468795776367
answer_to_answer,answer:226,content_organisation,en,35,5,0.14285714285714285,0.0,0.06666666666666667,0.16958010263680806,0.3333333333333333,0.2,1.0447590351104736
answer_to_answer,answer:42,content_organisation,en,35,5,0.14285714285714285,0.0,0.23238095238095235,0.4138385819070219,0.3333333333333333,0.6,1.0581340789794922
answer_to_answer,answer:639,content_organisation,en,35,5,0.14285714285714285,0.0,0.10666666666666666,0.26761938846816513,0.3333333333333333,0.4,1.013533115386963
answer_to_answer,answer:839,content_organisation,nl,35,5,0.14285714285714285,0.0,0.08444444444444445,0.23330247263525344,0.2,0.4,1.216792106628418
answer_to_answer,answer:281,content_organisation,nl,35,5,0.14285714285714285,0.0,0.06666666666666667,0.16958010263680806,0.3333333333333333,0.2,1.3066370487213135
answer_to_answer,answer:311,content_organisation,en,35,5,0.14285714285714285,0.0,0.02222222222222222,0.10209739512291163,0.1111111111111111,0.2,1.067216157913208
answer_to_answer,answer:1493,professional_practice,nl,35,5,0.14285714285714285,1.0,0.4688888888888888,0.6932739806083636,1.0,0.8,1.2308990955352783
answer_to_answer,answer:1987,professional_practice,en,35,5,0.14285714285714285,1.0,0.3933333333333333,0.6067795937417813,1.0,0.6,0.9846940040588379
answer_to_answer,answer:1105,professional_practice,nl,35,5,0.14285714285714285,1.0,1.0,1.0,1.0,1.0,1.3016560077667236
answer_to_answer,answer:1223,professional_practice,en,35,5,0.14285714285714285,0.0,0.6544444444444444,0.7629371898492955,0.5,1.0,1.0712072849273682
answer_to_answer,answer:1753,professional_practice,nl,35,5,0.14285714285714285,1.0,0.4833333333333333,0.6548086577531307,1.0,0.6,1.1450691223144531
answer_to_answer,answer:1934,professional_practice,nl,35,5,0.14285714285714285,1.0,0.6592857142857143,0.8364801667538002,1.0,1.0,1.1006262302398682
answer_to_answer,answer:1516,professional_practice,en,35,5,0.14285714285714285,0.0,0.4333333333333333,0.6128107307150344,0.5,0.8,1.027510166168213
answer_to_answer,answer:1709,professional_practice,nl,35,5,0.14285714285714285,1.0,0.3333333333333333,0.5087403079104241,1.0,0.4,1.1838569641113281
answer_to_answer,answer:1583,professional_practice,en,35,5,0.14285714285714285,1.0,0.4833333333333333,0.6548086577531307,1.0,0.6,1.038172721862793
answer_to_answer,answer:1425,professional_practice,en,35,5,0.14285714285714285,0.0,0.3333333333333333,0.5043776700708298,0.5,0.6,1.0838871002197266
answer_to_answer,answer:1185,professional_practice,en,35,5,0.14285714285714285,0.0,0.073015873015873,0.21515079688078367,0.14285714285714285,0.4,1.0578317642211914
answer_to_answer,answer:1506,professional_practice,en,35,5,0.14285714285714285,0.0,0.09444444444444444,0.24816574496561808,0.25,0.4,0.9760818481445312
answer_to_answer,answer:1813,professional_practice,nl,35,5,0.14285714285714285,1.0,0.4121428571428571,0.657246025230109,1.0,0.8,1.250504970550537
answer_to_answer,answer:1165,professional_practice,nl,35,5,0.14285714285714285,1.0,0.8392857142857142,0.9427731067700876,1.0,1.0,1.282634973526001
answer_to_answer,answer:1527,professional_practice,nl,35,5,0.14285714285714285,1.0,0.6,0.7823908333518426,1.0,0.8,1.1804180145263672
answer_to_answer,answer:1704,professional_practice,en,35,5,0.14285714285714285,1.0,0.6857142857142857,0.8712322899646365,1.0,1.0,1.0885429382324219
answer_to_answer,answer:1791,professional_practice,en,35,5,0.14285714285714285,0.0,0.4533333333333333,0.61207099478907,0.5,0.8,1.0205349922180176
answer_to_answer,answer:1030,professional_practice,nl,35,5,0.14285714285714285,1.0,0.8761904761904763,0.9565912771023181,1.0,1.0,1.1822609901428223
answer_to_answer,answer:1888,professional_practice,en,35,5,0.14285714285714285,1.0,0.7253968253968253,0.8891085695884217,1.0,1.0,1.0607500076293945
answer_to_answer,answer:1924,professional_practice,nl,35,5,0.14285714285714285,1.0,0.6799999999999999,0.8207658584763088,1.0,0.8,1.1521859169006348
answer_to_answer,answer:2851,teachers,nl,35,5,0.14285714285714285,0.0,0.275,0.46704774694449785,0.5,0.6,1.1146161556243896
answer_to_answer,answer:2723,teachers,nl,35,5,0.14285714285714285,0.0,0.025,0.10699313236726378,0.125,0.2,1.1715960502624512
answer_to_answer,answer:2873,teachers,nl,35,5,0.14285714285714285,1.0,0.4,0.5531464700081437,1.0,0.4,1.201920986175537
answer_to_answer,answer:2819,teachers,en,35,5,0.14285714285714285,0.0,0.02,0.09803928583135704,0.1,0.2,1.0469999313354492
answer_to_answer,answer:2746,teachers,nl,35,5,0.14285714285714285,0.0,0.29333333333333333,0.48160565320269266,0.5,0.6,1.2242870330810547
answer_to_answer,answer:2794,teachers,en,35,5,0.14285714285714285,0.0,0.3412698412698413,0.5499483643148055,0.5,0.8,1.0444319248199463
answer_to_answer,answer:2335,teachers,nl,35,5,0.14285714285714285,0.0,0.22166666666666668,0.40777831251641367,0.3333333333333333,0.6,1.2061669826507568
answer_to_answer,answer:2565,teachers,nl,35,5,0.14285714285714285,1.0,0.2,0.3391602052736161,1.0,0.2,1.117582082748413
answer_to_answer,answer:2286,teachers,en,35,5,0.14285714285714285,0.0,0.2066666666666667,0.3988244659805069,0.3333333333333333,0.6,1.005321979522705
answer_to_answer,answer:2368,teachers,nl,35,5,0.14285714285714285,0.0,0.05,0.14606834984270645,0.25,0.2,1.2039198875427246
answer_to_answer,answer:2281,teachers,nl,35,5,0.14285714285714285,1.0,0.27999999999999997,0.4703652827859579,1.0,0.4,1.2687182426452637
answer_to_answer,answer:2810,teachers,en,35,5,0.14285714285714285,0.0,0.13333333333333333,0.29039140533630226,0.3333333333333333,0.4,1.102356195449829
answer_to_answer,answer:2260,teachers,nl,35,5,0.14285714285714285,0.0,0.0,0.0,0.0,0.0,1.1489641666412354
answer_to_answer,answer:2661,teachers,nl,35,5,0.14285714285714285,0.0,0.21000000000000002,0.4190186829331484,0.5,0.6,1.3058791160583496
answer_to_answer,answer:2976,teachers,en,35,5,0.14285714285714285,0.0,0.02222222222222222,0.10209739512291163,0.1111111111111111,0.2,1.053840160369873
answer_to_answer,answer:2698,teachers,en,35,5,0.14285714285714285,0.0,0.05,0.14606834984270645,0.25,0.2,1.045370101928711
answer_to_answer,answer:2002,teachers,nl,35,5,0.14285714285714285,0.0,0.07857142857142857,0.22004653412513583,0.14285714285714285,0.4,1.1628119945526123
answer_to_answer,answer:2192,teachers,en,35,5,0.14285714285714285,1.0,0.4746031746031746,0.7003793519971062,1.0,0.8,1.1000699996948242
answer_to_answer,answer:2916,teachers,nl,35,5,0.14285714285714285,1.0,0.7,0.8297197050122157,1.0,0.8,1.192417860031128
answer_to_answer,answer:2702,teachers,en,35,5,0.14285714285714285,1.0,0.39999999999999997,0.6108377030333358,1.0,0.6,1.0336329936981201
answer_to_answer,answer:3141,support_mentoring,en,35,5,0.14285714285714285,1.0,0.38,0.591176585485452,1.0,0.6,1.0669467449188232
answer_to_answer,answer:3551,support_mentoring,nl,35,5,0.14285714285714285,0.0,0.35238095238095235,0.5548441015591575,0.5,0.8,1.2601559162139893
answer_to_answer,answer:3274,support_mentoring,nl,35,5,0.14285714285714285,1.0,0.32666666666666666,0.5580107938044674,1.0,0.6,1.211510181427002
answer_to_answer,answer:3706,support_mentoring,en,35,5,0.14285714285714285,0.0,0.07777777777777777,0.22290869782240583,0.16666666666666666,0.4,1.0796091556549072
answer_to_answer,answer:3978,support_mentoring,en,35,5,0.14285714285714285,0.0,0.4976190476190476,0.6426881189719141,0.5,0.8,1.022594690322876
answer_to_answer,answer:3628,support_mentoring,en,35,5,0.14285714285714285,0.0,0.16666666666666666,0.3551588773328819,0.25,0.6,1.0211210250854492
answer_to_answer,answer:3679,support_mentoring,nl,35,5,0.14285714285714285,0.0,0.12380952380952381,0.2826335043946801,0.3333333333333333,0.4,1.0983600616455078
answer_to_answer,answer:3835,support_mentoring,en,35,5,0.14285714285714285,0.0,0.15714285714285714,0.32703966649239957,0.5,0.4,1.0076720714569092
answer_to_answer,answer:3075,support_mentoring,nl,35,5,0.14285714285714285,1.0,0.475,0.6601396023754075,1.0,0.6,1.1400110721588135
answer_to_answer,answer:3859,support_mentoring,nl,35,5,0.14285714285714285,0.0,0.3,0.4808659172767282,0.5,0.6,1.1335551738739014
answer_to_answer,answer:3057,support_mentoring,nl,35,5,0.14285714285714285,1.0,0.42000000000000004,0.6164336326286644,1.0,0.6,1.0795340538024902
answer_to_answer,answer:3214,support_mentoring,nl,35,5,0.14285714285714285,0.0,0.29999999999999993,0.4856637624942473,0.5,0.6,1.1935999393463135
answer_to_answer,answer:3794,support_mentoring,nl,35,5,0.14285714285714285,0.0,0.06666666666666667,0.16958010263680806,0.3333333333333333,0.2,1.213771104812622
answer_to_answer,answer:3422,support_mentoring,nl,35,5,0.14285714285714285,1.0,0.638888888888889,0.8013122149737618,1.0,0.8,1.151231050491333
answer_to_answer,answer:3820,support_mentoring,nl,35,5,0.14285714285714285,0.0,0.1,0.21398626473452756,0.5,0.2,1.1214799880981445
answer_to_answer,answer:3764,support_mentoring,en,35,5,0.14285714285714285,1.0,0.6,0.7227265726449519,1.0,0.6,1.030562162399292
answer_to_answer,answer:3382,support_mentoring,en,35,5,0.14285714285714285,0.0,0.1,0.21398626473452756,0.5,0.2,1.0077922344207764
answer_to_answer,answer:3131,support_mentoring,nl,35,5,0.14285714285714285,1.0,0.4,0.5531464700081437,1.0,0.4,1.2124242782592773
answer_to_answer,answer:3420,support_mentoring,nl,35,5,0.14285714285714285,0.0,0.08,0.22924436334369883,0.2,0.4,1.1391642093658447
answer_to_answer,answer:3303,support_mentoring,en,35,5,0.14285714285714285,0.0,0.0,0.0,0.0,0.0,1.0214829444885254
answer_to_answer,answer:4236,examination_assessment,en,35,5,0.14285714285714285,0.0,0.15,0.3362374957109626,0.2,0.6,1.0822157859802246
answer_to_answer,answer:4588,examination_assessment,en,35,5,0.14285714285714285,1.0,0.375,0.5922216874835863,1.0,0.6,1.0242340564727783
answer_to_answer,answer:4183,examination_assessment,nl,35,5,0.14285714285714285,0.0,0.15,0.3362374957109626,0.2,0.6,1.195030927658081
answer_to_answer,answer:4446,examination_assessment,nl,35,5,0.14285714285714285,1.0,0.3171428571428571,0.5502528928628452,1.0,0.6,1.1705348491668701
answer_to_answer,answer:4196,examination_assessment,nl,35,5,0.14285714285714285,0.0,0.10666666666666666,0.252016380211836,0.2,0.4,1.2405281066894531
answer_to_answer,answer:4244,examination_assessment,en,35,5,0.14285714285714285,1.0,0.7611111111111111,0.9083053473410256,1.0,1.0,1.0823206901550293
answer_to_answer,answer:4297,examination_assessment,nl,35,5,0.14285714285714285,0.0,0.22666666666666666,0.4136877383108716,0.3333333333333333,0.6,1.1487009525299072
answer_to_answer,answer:4846,examination_assessment,unknown,35,5,0.14285714285714285,0.0,0.27999999999999997,0.49052808629057093,0.3333333333333333,0.8,1.0021588802337646
answer_to_answer,answer:4905,examination_assessment,nl,35,5,0.14285714285714285,1.0,0.9,0.9668342083190152,1.0,1.0,1.0968289375305176
answer_to_answer,answer:4697,examination_assessment,nl,35,5,0.14285714285714285,1.0,0.6642857142857143,0.8122682216087223,1.0,0.8,1.1364738941192627
answer_to_answer,answer:4262,examination_assessment,nl,35,5,0.14285714285714285,0.0,0.09047619047619046,0.23386470445736623,0.16666666666666666,0.4,1.2310280799865723
answer_to_answer,answer:4484,examination_assessment,nl,35,5,0.14285714285714285,1.0,0.76,0.8539316501572937,1.0,0.8,1.102780818939209
answer_to_answer,answer:4542,examination_assessment,nl,35,5,0.14285714285714285,1.0,0.7,0.8297197050122157,1.0,0.8,1.1369869709014893
answer_to_answer,answer:4351,examination_assessment,nl,35,5,0.14285714285714285,0.0,0.08333333333333333,0.227804435066758,0.16666666666666666,0.4,1.1381361484527588
answer_to_answer,answer:4192,examination_assessment,en,35,5,0.14285714285714285,1.0,0.5,0.6739577727076379,1.0,0.6,1.0591201782226562
answer_to_answer,answer:4336,examination_assessment,en,35,5,0.14285714285714285,0.0,0.20833333333333331,0.3973845377035661,0.3333333333333333,0.6,1.0510962009429932
answer_to_answer,answer:4323,examination_assessment,nl,35,5,0.14285714285714285,1.0,0.7088888888888889,0.8844882284747542,1.0,1.0,1.180307149887085
answer_to_answer,answer:4619,examination_assessment,nl,35,5,0.14285714285714285,1.0,0.6392857142857142,0.8260863919409527,1.0,1.0,1.1009118556976318
answer_to_answer,answer:4098,examination_assessment,en,35,5,0.14285714285714285,1.0,0.3,0.48522855511632257,1.0,0.4,1.1112987995147705
answer_to_answer,answer:4002,examination_assessment,nl,35,5,0.14285714285714285,0.0,0.10666666666666666,0.252016380211836,0.2,0.4,1.2229299545288086
answer_to_answer,answer:5900,engagement_contact,en,35,5,0.14285714285714285,1.0,0.45499999999999996,0.6902609733149433,1.0,0.8,1.0171539783477783
answer_to_answer,answer:5670,engagement_contact,en,35,5,0.14285714285714285,1.0,0.3333333333333333,0.5087403079104241,1.0,0.4,1.0257911682128906
answer_to_answer,answer:5003,engagement_contact,en,35,5,0.14285714285714285,0.0,0.18,0.34519134224686937,0.5,0.4,1.0398461818695068
answer_to_answer,answer:5000,engagement_contact,nl,35,5,0.14285714285714285,0.0,0.3466666666666667,0.5344990410103657,0.3333333333333333,0.8,1.2213540077209473
answer_to_answer,answer:5959,engagement_contact,nl,35,5,0.14285714285714285,1.0,0.6533333333333333,0.8051628502199797,1.0,0.8,1.175032138824463
answer_to_answer,answer:5592,engagement_contact,nl,35,5,0.14285714285714285,0.0,0.06666666666666667,0.16958010263680806,0.3333333333333333,0.2,1.1140427589416504
answer_to_answer,answer:5875,engagement_contact,nl,35,5,0.14285714285714285,1.0,0.2,0.3391602052736161,1.0,0.2,1.3446862697601318
answer_to_answer,answer:5452,engagement_contact,nl,35,5,0.14285714285714285,0.0,0.1,0.21398626473452756,0.5,0.2,1.0811488628387451
answer_to_answer,answer:5330,engagement_contact,nl,35,5,0.14285714285714285,1.0,0.6533333333333333,0.8051628502199797,1.0,0.8,1.316878080368042
answer_to_answer,answer:5339,engagement_contact,en,35,5,0.14285714285714285,0.0,0.12380952380952381,0.2826335043946801,0.3333333333333333,0.4,1.0674717426300049
answer_to_answer,answer:5546,engagement_contact,en,35,5,0.14285714285714285,1.0,0.45999999999999996,0.6511857558395008,1.0,0.6,1.079807996749878
answer_to_answer,answer:5725,engagement_contact,nl,35,5,0.14285714285714285,1.0,0.35238095238095235,0.5730249097309823,1.0,0.6,1.273838996887207
answer_to_answer,answer:5640,engagement_contact,en,35,5,0.14285714285714285,0.0,0.1,0.2530614822099702,0.25,0.4,1.0254228115081787
answer_to_answer,answer:5189,engagement_contact,en,35,5,0.14285714285714285,0.0,0.26,0.4580939004085911,0.5,0.6,1.0222342014312744
answer_to_answer,answer:5628,engagement_contact,nl,35,5,0.14285714285714285,1.0,0.4305555555555555,0.6690620354632858,1.0,0.8,1.1335251331329346
answer_to_answer,answer:5557,engagement_contact,nl,35,5,0.14285714285714285,0.0,0.06666666666666667,0.16958010263680806,0.3333333333333333,0.2,1.2049851417541504
answer_to_answer,answer:5834,engagement_contact,en,35,5,0.14285714285714285,1.0,0.3333333333333333,0.5087403079104241,1.0,0.4,1.0308349132537842
answer_to_answer,answer:5692,engagement_contact,nl,35,5,0.14285714285714285,0.0,0.09,0.23819820987960558,0.2,0.4,1.1942188739776611
answer_to_answer,answer:5270,engagement_contact,nl,35,5,0.14285714285714285,1.0,0.55,0.6992148198508501,1.0,0.6,1.185420036315918
answer_to_answer,answer:5656,engagement_contact,nl,35,5,0.14285714285714285,1.0,0.2,0.3391602052736161,1.0,0.2,1.1733360290527344
answer_to_answer,answer:6120,special_circumstances,en,35,5,0.14285714285714285,0.0,0.03333333333333333,0.1208113026994942,0.16666666666666666,0.2,1.0812878608703613
answer_to_answer,answer:6275,special_circumstances,nl,35,5,0.14285714285714285,1.0,0.8,0.8687949224876582,1.0,0.8,1.2144923210144043
answer_to_answer,answer:6350,special_circumstances,nl,35,5,0.14285714285714285,0.0,0.13999999999999999,0.3120255505658846,0.5,0.4,1.1846799850463867
answer_to_answer,answer:6862,special_circumstances,nl,35,5,0.14285714285714285,0.0,0.1,0.21398626473452756,0.5,0.2,1.097930908203125
answer_to_answer,answer:6528,special_circumstances,en,35,5,0.14285714285714285,0.0,0.02857142857142857,0.11305340175787204,0.14285714285714285,0.2,1.04988431930542
answer_to_answer,answer:6305,special_circumstances,nl,35,5,0.14285714285714285,0.0,0.1,0.21398626473452756,0.5,0.2,1.2115609645843506
answer_to_answer,answer:6880,special_circumstances,en,35,5,0.14285714285714285,0.0,0.15714285714285714,0.32703966649239957,0.5,0.4,1.0275969505310059
answer_to_answer,answer:6716,special_circumstances,nl,35,5,0.14285714285714285,1.0,0.4,0.5531464700081437,1.0,0.4,1.1738862991333008
answer_to_answer,answer:6332,special_circumstances,nl,35,5,0.14285714285714285,1.0,0.4,0.5531464700081437,1.0,0.4,1.2447168827056885
answer_to_answer,answer:6470,special_circumstances,nl,35,5,0.14285714285714285,1.0,0.42000000000000004,0.6164336326286644,1.0,0.6,1.2095060348510742
answer_to_answer,answer:6230,special_circumstances,en,35,5,0.14285714285714285,0.0,0.025,0.10699313236726378,0.125,0.2,1.0294723510742188
answer_to_answer,answer:6483,special_circumstances,nl,35,5,0.14285714285714285,0.0,0.1,0.21398626473452756,0.5,0.2,1.1576502323150635
answer_to_answer,answer:6011,special_circumstances,nl,35,5,0.14285714285714285,0.0,0.02,0.09803928583135704,0.1,0.2,1.0921878814697266
answer_to_answer,answer:6618,special_circumstances,en,35,5,0.14285714285714285,0.0,0.02222222222222222,0.10209739512291163,0.1111111111111111,0.2,1.0057899951934814
answer_to_answer,answer:6023,special_circumstances,en,35,5,0.14285714285714285,1.0,0.76,0.8539316501572937,1.0,0.8,1.0294029712677002
answer_to_answer,answer:6123,special_circumstances,nl,35,5,0.14285714285714285,0.0,0.07857142857142857,0.22004653412513583,0.14285714285714285,0.4,1.1956899166107178
answer_to_answer,answer:6649,special_circumstances,en,35,5,0.14285714285714285,0.0,0.1,0.21398626473452756,0.5,0.2,1.042180061340332
answer_to_answer,answer:6727,special_circumstances,nl,35,5,0.14285714285714285,0.0,0.06666666666666667,0.16958010263680806,0.3333333333333333,0.2,1.1383428573608398
answer_to_answer,answer:6532,special_circumstances,nl,35,5,0.14285714285714285,1.0,0.4533333333333333,0.639945385422766,1.0,0.6,1.1758372783660889
answer_to_answer,answer:6047,special_circumstances,nl,35,5,0.14285714285714285,1.0,0.4,0.5531464700081437,1.0,0.4,1.245589017868042
cross_language_nl_to_en,cross:nl_to_en:51,content_organisation,nl,28,4,0.14285714285714285,1.0,0.3,0.5032251913410369,1.0,0.5,0.8695971965789795
cross_language_nl_to_en,cross:nl_to_en:17,content_organisation,nl,28,4,0.14285714285714285,1.0,0.575,0.7495275800817669,1.0,0.75,0.8582079410552979
cross_language_nl_to_en,cross:nl_to_en:911,content_organisation,nl,28,4,0.14285714285714285,1.0,0.3958333333333333,0.6310473491188939,1.0,0.75,0.8018579483032227
cross_language_nl_to_en,cross:nl_to_en:543,content_organisation,nl,28,4,0.14285714285714285,0.0,0.027777777777777776,0.11751610475642714,0.1111111111111111,0.25,0.9072299003601074
cross_language_nl_to_en,cross:nl_to_en:140,content_organisation,nl,28,4,0.14285714285714285,1.0,0.5,0.6366824387328317,1.0,0.5,0.802515983581543
cross_language_nl_to_en,cross:nl_to_en:364,content_organisation,nl,28,4,0.14285714285714285,1.0,0.3333333333333333,0.5294362295028773,1.0,0.5,0.7860198020935059
cross_language_nl_to_en,cross:nl_to_en:6,content_organisation,nl,28,4,0.14285714285714285,0.0,0.0625,0.16812753627111746,0.25,0.25,0.8490698337554932
cross_language_nl_to_en,cross:nl_to_en:926,content_organisation,nl,28,4,0.14285714285714285,0.0,0.125,0.24630238874073,0.5,0.25,0.8696756362915039
cross_language_nl_to_en,cross:nl_to_en:1274,professional_practice,nl,28,4,0.14285714285714285,0.0,0.4,0.5654495432396527,0.5,0.75,0.832404375076294
cross_language_nl_to_en,cross:nl_to_en:1635,professional_practice,nl,28,4,0.14285714285714285,1.0,1.0,1.0,1.0,1.0,0.8450019359588623
cross_language_nl_to_en,cross:nl_to_en:1149,professional_practice,nl,28,4,0.14285714285714285,1.0,0.7928571428571428,0.9178287402913374,1.0,1.0,0.852614164352417
cross_language_nl_to_en,cross:nl_to_en:1534,professional_practice,nl,28,4,0.14285714285714285,0.0,0.027777777777777776,0.11751610475642714,0.1111111111111111,0.25,0.8430979251861572
cross_language_nl_to_en,cross:nl_to_en:1012,professional_practice,nl,28,4,0.14285714285714285,0.0,0.19583333333333333,0.3916869173545973,0.2,0.75,0.8694560527801514
cross_language_nl_to_en,cross:nl_to_en:1744,professional_practice,nl,28,4,0.14285714285714285,1.0,0.575,0.7495275800817669,1.0,0.75,0.8461050987243652
cross_language_nl_to_en,cross:nl_to_en:1866,professional_practice,nl,28,4,0.14285714285714285,0.0,0.6041666666666666,0.7327711443782634,0.5,1.0,0.8396158218383789
cross_language_nl_to_en,cross:nl_to_en:1482,professional_practice,nl,28,4,0.14285714285714285,1.0,0.8928571428571428,0.9619991470595832,1.0,1.0,0.770878791809082
cross_language_nl_to_en,cross:nl_to_en:2763,teachers,nl,28,4,0.14285714285714285,0.0,0.20833333333333331,0.36331756126716835,0.3333333333333333,0.5,0.8267881870269775
cross_language_nl_to_en,cross:nl_to_en:2694,teachers,nl,28,4,0.14285714285714285,0.0,0.22916666666666663,0.4246998205383202,0.25,0.75,0.789808988571167
cross_language_nl_to_en,cross:nl_to_en:2317,teachers,nl,28,4,0.14285714285714285,0.0,0.09722222222222221,0.25657228426720274,0.16666666666666666,0.5,0.8144662380218506
cross_language_nl_to_en,cross:nl_to_en:2350,teachers,nl,28,4,0.14285714285714285,0.0,0.09821428571428571,0.2532778777010656,0.14285714285714285,0.5,0.7976768016815186
cross_language_nl_to_en,cross:nl_to_en:2206,teachers,nl,28,4,0.14285714285714285,0.0,0.125,0.24630238874073,0.5,0.25,0.8532609939575195
cross_language_nl_to_en,cross:nl_to_en:2190,teachers,nl,28,4,0.14285714285714285,1.0,0.25,0.3903800499921017,1.0,0.25,0.8036489486694336
cross_language_nl_to_en,cross:nl_to_en:2884,teachers,nl,28,4,0.14285714285714285,1.0,0.5,0.6366824387328317,1.0,0.5,0.7987692356109619
cross_language_nl_to_en,cross:nl_to_en:2820,teachers,nl,28,4,0.14285714285714285,0.0,0.0,0.0,0.0,0.0,0.7997279167175293
cross_language_nl_to_en,cross:nl_to_en:3934,support_mentoring,nl,28,4,0.14285714285714285,0.0,0.2833333333333333,0.4761627026161036,0.3333333333333333,0.75,0.8397369384765625
cross_language_nl_to_en,cross:nl_to_en:3774,support_mentoring,nl,28,4,0.14285714285714285,0.0,0.225,0.3973220069685352,0.5,0.5,0.8112657070159912
cross_language_nl_to_en,cross:nl_to_en:3315,support_mentoring,nl,28,4,0.14285714285714285,0.0,0.14583333333333331,0.31834121936641585,0.3333333333333333,0.5,0.8719449043273926
cross_language_nl_to_en,cross:nl_to_en:3972,support_mentoring,nl,28,4,0.14285714285714285,0.0,0.0625,0.16812753627111746,0.25,0.25,0.8412511348724365
cross_language_nl_to_en,cross:nl_to_en:3411,support_mentoring,nl,28,4,0.14285714285714285,1.0,0.5,0.6366824387328317,1.0,0.5,0.8273990154266357
cross_language_nl_to_en,cross:nl_to_en:3250,support_mentoring,nl,28,4,0.14285714285714285,0.0,0.041666666666666664,0.13905617951077562,0.16666666666666666,0.25,0.8051199913024902
cross_language_nl_to_en,cross:nl_to_en:3643,support_mentoring,nl,28,4,0.14285714285714285,0.0,0.027777777777777776,0.11751610475642714,0.1111111111111111,0.25,0.8303298950195312
cross_language_nl_to_en,cross:nl_to_en:3728,support_mentoring,nl,28,4,0.14285714285714285,0.0,0.0,0.0,0.0,0.0,0.7966852188110352
cross_language_nl_to_en,cross:nl_to_en:4385,examination_assessment,nl,28,4,0.14285714285714285,0.0,0.03125,0.123151194370365,0.125,0.25,0.867480993270874
cross_language_nl_to_en,cross:nl_to_en:4675,examination_assessment,nl,28,4,0.14285714285714285,0.0,0.0625,0.16812753627111746,0.25,0.25,0.8386857509613037
cross_language_nl_to_en,cross:nl_to_en:4967,examination_assessment,nl,28,4,0.14285714285714285,1.0,0.525,0.7095272044910244,1.0,0.75,0.8647208213806152
cross_language_nl_to_en,cross:nl_to_en:4357,examination_assessment,nl,28,4,0.14285714285714285,1.0,0.7708333333333333,0.8927537907700456,1.0,1.0,0.8167810440063477
cross_language_nl_to_en,cross:nl_to_en:4235,examination_assessment,nl,28,4,0.14285714285714285,1.0,0.575,0.7495275800817669,1.0,0.75,0.8337931632995605
cross_language_nl_to_en,cross:nl_to_en:4157,examination_assessment,nl,28,4,0.14285714285714285,0.0,0.20833333333333331,0.3853585682515056,0.5,0.5,0.8017518520355225
cross_language_nl_to_en,cross:nl_to_en:4302,examination_assessment,nl,28,4,0.14285714285714285,1.0,0.59375,0.7598336331031966,1.0,0.75,0.8000679016113281
cross_language_nl_to_en,cross:nl_to_en:4368,examination_assessment,nl,28,4,0.14285714285714285,0.0,0.041666666666666664,0.13905617951077562,0.16666666666666666,0.25,0.8437438011169434
cross_language_nl_to_en,cross:nl_to_en:5014,engagement_contact,nl,28,4,0.14285714285714285,0.0,0.025,0.11284514134893527,0.1,0.25,0.8478918075561523
cross_language_nl_to_en,cross:nl_to_en:5624,engagement_contact,nl,28,4,0.14285714285714285,0.0,0.05,0.15101961822780524,0.2,0.25,0.8315660953521729
cross_language_nl_to_en,cross:nl_to_en:5559,engagement_contact,nl,28,4,0.14285714285714285,1.0,0.25,0.3903800499921017,1.0,0.25,0.8579680919647217
cross_language_nl_to_en,cross:nl_to_en:5515,engagement_contact,nl,28,4,0.14285714285714285,0.0,0.15476190476190477,0.32531670832675136,0.3333333333333333,0.5,0.8371589183807373
cross_language_nl_to_en,cross:nl_to_en:5453,engagement_contact,nl,28,4,0.14285714285714285,0.0,0.041666666666666664,0.13905617951077562,0.16666666666666666,0.25,0.7968587875366211
cross_language_nl_to_en,cross:nl_to_en:5675,engagement_contact,nl,28,4,0.14285714285714285,1.0,0.5,0.6975637657739948,1.0,0.75,0.8164949417114258
cross_language_nl_to_en,cross:nl_to_en:5932,engagement_contact,nl,28,4,0.14285714285714285,0.0,0.0,0.0,0.0,0.0,0.877730131149292
cross_language_nl_to_en,cross:nl_to_en:5495,engagement_contact,nl,28,4,0.14285714285714285,0.0,0.18333333333333335,0.34620964322385606,0.3333333333333333,0.5,0.843250036239624
cross_language_nl_to_en,cross:nl_to_en:6218,special_circumstances,nl,28,4,0.14285714285714285,0.0,0.03125,0.123151194370365,0.125,0.25,0.8650798797607422
cross_language_nl_to_en,cross:nl_to_en:6159,special_circumstances,nl,28,4,0.14285714285714285,0.0,0.2625,0.4822987244600303,0.5,0.75,0.8061771392822266
cross_language_nl_to_en,cross:nl_to_en:6242,special_circumstances,nl,28,4,0.14285714285714285,0.0,0.08333333333333333,0.19519002499605084,0.3333333333333333,0.25,0.7863380908966064
cross_language_nl_to_en,cross:nl_to_en:6977,special_circumstances,nl,28,4,0.14285714285714285,1.0,0.5,0.6366824387328317,1.0,0.5,0.8642148971557617
cross_language_nl_to_en,cross:nl_to_en:6628,special_circumstances,nl,28,4,0.14285714285714285,0.0,0.175,0.35914753008966527,0.5,0.5,0.8049898147583008
cross_language_nl_to_en,cross:nl_to_en:6833,special_circumstances,nl,28,4,0.14285714285714285,1.0,0.4151785714285714,0.6436579276931672,1.0,0.75,0.8111128807067871
cross_language_nl_to_en,cross:nl_to_en:6673,special_circumstances,nl,28,4,0.14285714285714285,1.0,0.5,0.6366824387328317,1.0,0.5,0.8278908729553223
cross_language_nl_to_en,cross:nl_to_en:6529,special_circumstances,nl,28,4,0.14285714285714285,0.0,0.11309523809523808,0.2691828628414762,0.16666666666666666,0.5,0.8444850444793701
cross_language_en_to_nl,cross:en_to_nl:500,content_organisation,en,28,4,0.14285714285714285,0.0,0.16626984126984126,0.36048792943606295,0.14285714285714285,0.75,0.8230509757995605
cross_language_en_to_nl,cross:en_to_nl:315,content_organisation,en,28,4,0.14285714285714285,0.0,0.0,0.0,0.0,0.0,0.811342716217041
cross_language_en_to_nl,cross:en_to_nl:160,content_organisation,en,28,4,0.14285714285714285,0.0,0.1125,0.28097267762005274,0.25,0.5,0.8196208477020264
cross_language_en_to_nl,cross:en_to_nl:933,content_organisation,en,28,4,0.14285714285714285,1.0,1.0,1.0,1.0,1.0,0.8521242141723633
cross_language_en_to_nl,cross:en_to_nl:350,content_organisation,en,28,4,0.14285714285714285,1.0,0.5,0.6366824387328317,1.0,0.5,0.8372550010681152
cross_language_en_to_nl,cross:en_to_nl:157,content_organisation,en,28,4,0.14285714285714285,0.0,0.08571428571428572,0.2429718246796358,0.14285714285714285,0.5,0.8090031147003174
cross_language_en_to_nl,cross:en_to_nl:71,content_organisation,en,28,4,0.14285714285714285,0.0,0.125,0.24630238874073,0.5,0.25,0.8136162757873535
cross_language_en_to_nl,cross:en_to_nl:842,content_organisation,en,28,4,0.14285714285714285,1.0,0.3333333333333333,0.5294362295028773,1.0,0.5,0.8378829956054688
cross_language_en_to_nl,cross:en_to_nl:1022,professional_practice,en,28,4,0.14285714285714285,0.0,0.44325396825396823,0.644964795055663,0.5,1.0,0.8010721206665039
cross_language_en_to_nl,cross:en_to_nl:1449,professional_practice,en,28,4,0.14285714285714285,0.0,0.4571428571428572,0.6505998846696008,0.5,1.0,0.8292579650878906
cross_language_en_to_nl,cross:en_to_nl:1978,professional_practice,en,28,4,0.14285714285714285,1.0,0.6916666666666667,0.8597408875863228,1.0,1.0,0.8652291297912598
cross_language_en_to_nl,cross:en_to_nl:1472,professional_practice,en,28,4,0.14285714285714285,1.0,0.75,0.8318724637288826,1.0,0.75,0.8389251232147217
cross_language_en_to_nl,cross:en_to_nl:1400,professional_practice,en,28,4,0.14285714285714285,1.0,0.5,0.6366824387328317,1.0,0.5,0.8175497055053711
cross_language_en_to_nl,cross:en_to_nl:1280,professional_practice,en,28,4,0.14285714285714285,0.0,0.1125,0.2741708125981702,0.2,0.5,0.8141040802001953
cross_language_en_to_nl,cross:en_to_nl:1772,professional_practice,en,28,4,0.14285714285714285,0.0,0.38075396825396823,0.5667899425860504,0.25,1.0,0.8413963317871094
cross_language_en_to_nl,cross:en_to_nl:1547,professional_practice,en,28,4,0.14285714285714285,1.0,0.65,0.8326783988613894,1.0,1.0,0.8146569728851318
cross_language_en_to_nl,cross:en_to_nl:2616,teachers,en,28,4,0.14285714285714285,1.0,0.4083333333333333,0.6422813708518126,1.0,0.75,0.8837358951568604
cross_language_en_to_nl,cross:en_to_nl:2891,teachers,en,28,4,0.14285714285714285,1.0,0.59375,0.7598336331031966,1.0,0.75,0.8043169975280762
cross_language_en_to_nl,cross:en_to_nl:2003,teachers,en,28,4,0.14285714285714285,0.0,0.08333333333333333,0.19519002499605084,0.3333333333333333,0.25,0.8565759658813477
cross_language_en_to_nl,cross:en_to_nl:2504,teachers,en,28,4,0.14285714285714285,0.0,0.0,0.0,0.0,0.0,0.8313779830932617
cross_language_en_to_nl,cross:en_to_nl:2985,teachers,en,28,4,0.14285714285714285,1.0,0.3875,0.626376385711402,1.0,0.75,0.8456728458404541
cross_language_en_to_nl,cross:en_to_nl:2667,teachers,en,28,4,0.14285714285714285,0.0,0.08571428571428572,0.2429718246796358,0.14285714285714285,0.5,0.8792080879211426
cross_language_en_to_nl,cross:en_to_nl:2406,teachers,en,28,4,0.14285714285714285,0.0,0.31875,0.5204732013389002,0.5,0.75,0.8267290592193604
cross_language_en_to_nl,cross:en_to_nl:2384,teachers,en,28,4,0.14285714285714285,1.0,0.6071428571428571,0.7668091220635322,1.0,0.75,0.8754920959472656
cross_language_en_to_nl,cross:en_to_nl:3877,support_mentoring,en,28,4,0.14285714285714285,1.0,0.59375,0.7598336331031966,1.0,0.75,0.8488740921020508
cross_language_en_to_nl,cross:en_to_nl:3555,support_mentoring,en,28,4,0.14285714285714285,0.0,0.07777777777777778,0.2303612461053624,0.1111111111111111,0.5,0.8971357345581055
cross_language_en_to_nl,cross:en_to_nl:3655,support_mentoring,en,28,4,0.14285714285714285,1.0,0.49583333333333335,0.7438924904678291,1.0,1.0,0.838637113571167
cross_language_en_to_nl,cross:en_to_nl:3701,support_mentoring,en,28,4,0.14285714285714285,0.0,0.25555555555555554,0.4766636348460924,0.5,0.75,0.8222899436950684
cross_language_en_to_nl,cross:en_to_nl:3989,support_mentoring,en,28,4,0.14285714285714285,0.0,0.125,0.24630238874073,0.5,0.25,0.8522779941558838
cross_language_en_to_nl,cross:en_to_nl:3449,support_mentoring,en,28,4,0.14285714285714285,0.0,0.14583333333333331,0.31834121936641585,0.3333333333333333,0.5,0.819359302520752
cross_language_en_to_nl,cross:en_to_nl:3092,support_mentoring,en,28,4,0.14285714285714285,0.0,0.05,0.15101961822780524,0.2,0.25,0.8307371139526367
cross_language_en_to_nl,cross:en_to_nl:3502,support_mentoring,en,28,4,0.14285714285714285,0.0,0.125,0.24630238874073,0.5,0.25,0.8163590431213379
cross_language_en_to_nl,cross:en_to_nl:4251,examination_assessment,en,28,4,0.14285714285714285,1.0,0.49999999999999994,0.7030861797445797,1.0,0.75,0.8283052444458008
cross_language_en_to_nl,cross:en_to_nl:4737,examination_assessment,en,28,4,0.14285714285714285,0.0,0.2714285714285714,0.48927421342036576,0.5,0.75,0.8469550609588623
cross_language_en_to_nl,cross:en_to_nl:4417,examination_assessment,en,28,4,0.14285714285714285,1.0,0.6041666666666666,0.75369761125927,1.0,0.75,0.7863650321960449
cross_language_en_to_nl,cross:en_to_nl:4790,examination_assessment,en,28,4,0.14285714285714285,0.0,0.125,0.24630238874073,0.5,0.25,0.836759090423584
cross_language_en_to_nl,cross:en_to_nl:4528,examination_assessment,en,28,4,0.14285714285714285,0.0,0.38541666666666663,0.5646436081071458,0.5,0.75,0.8207399845123291
cross_language_en_to_nl,cross:en_to_nl:4628,examination_assessment,en,28,4,0.14285714285714285,0.0,0.0625,0.16812753627111746,0.25,0.25,0.8713381290435791
cross_language_en_to_nl,cross:en_to_nl:4975,examination_assessment,en,28,4,0.14285714285714285,1.0,0.25,0.3903800499921017,1.0,0.25,0.8373501300811768
cross_language_en_to_nl,cross:en_to_nl:4993,examination_assessment,en,28,4,0.14285714285714285,1.0,0.5404761904761904,0.7724080541825131,1.0,1.0,0.8341779708862305
cross_language_en_to_nl,cross:en_to_nl:5640,engagement_contact,en,28,4,0.14285714285714285,0.0,0.1388888888888889,0.312706129752478,0.3333333333333333,0.5,0.8002119064331055
cross_language_en_to_nl,cross:en_to_nl:5326,engagement_contact,en,28,4,0.14285714285714285,0.0,0.225,0.3973220069685352,0.5,0.5,0.8197603225708008
cross_language_en_to_nl,cross:en_to_nl:5802,engagement_contact,en,28,4,0.14285714285714285,1.0,0.25,0.3903800499921017,1.0,0.25,0.8522849082946777
cross_language_en_to_nl,cross:en_to_nl:5015,engagement_contact,en,28,4,0.14285714285714285,0.0,0.05,0.15101961822780524,0.2,0.25,0.832841157913208
cross_language_en_to_nl,cross:en_to_nl:5390,engagement_contact,en,28,4,0.14285714285714285,0.0,0.44166666666666665,0.592512031964586,0.5,0.75,0.8321390151977539
cross_language_en_to_nl,cross:en_to_nl:5531,engagement_contact,en,28,4,0.14285714285714285,1.0,0.3958333333333333,0.6310473491188939,1.0,0.75,0.8029210567474365
cross_language_en_to_nl,cross:en_to_nl:5360,engagement_contact,en,28,4,0.14285714285714285,1.0,0.49999999999999994,0.7030861797445797,1.0,0.75,0.8293421268463135
cross_language_en_to_nl,cross:en_to_nl:5220,engagement_contact,en,28,4,0.14285714285714285,0.0,0.3333333333333333,0.502373740777944,0.3333333333333333,0.75,0.8041489124298096
cross_language_en_to_nl,cross:en_to_nl:6308,special_circumstances,en,28,4,0.14285714285714285,0.0,0.025,0.11284514134893527,0.1,0.25,0.8254110813140869
cross_language_en_to_nl,cross:en_to_nl:6819,special_circumstances,en,28,4,0.14285714285714285,0.0,0.027777777777777776,0.11751610475642714,0.1111111111111111,0.25,0.8481018543243408
cross_language_en_to_nl,cross:en_to_nl:6248,special_circumstances,en,28,4,0.14285714285714285,0.0,0.027777777777777776,0.11751610475642714,0.1111111111111111,0.25,0.85129714012146
cross_language_en_to_nl,cross:en_to_nl:6384,special_circumstances,en,28,4,0.14285714285714285,0.0,0.09821428571428571,0.2532778777010656,0.14285714285714285,0.5,0.8091919422149658
cross_language_en_to_nl,cross:en_to_nl:6006,special_circumstances,en,28,4,0.14285714285714285,0.0,0.18055555555555555,0.3638184934971571,0.5,0.5,0.8670132160186768
cross_language_en_to_nl,cross:en_to_nl:6876,special_circumstances,en,28,4,0.14285714285714285,1.0,0.5238095238095237,0.715696758318853,1.0,0.75,0.8345038890838623
cross_language_en_to_nl,cross:en_to_nl:6411,special_circumstances,en,28,4,0.14285714285714285,1.0,0.35,0.5413996682199069,1.0,0.5,0.8164420127868652
cross_language_en_to_nl,cross:en_to_nl:6317,special_circumstances,en,28,4,0.14285714285714285,0.0,0.08571428571428572,0.2429718246796358,0.14285714285714285,0.5,0.823488712310791
